2,污水和污泥中的全氟化合物研究,1,2862
3,银纳米材料在废水处理中的应用,1,2979
4,纳米材料在水环境中的吸附性能,1,2921
5,全氟化合物研究,1,2976
6,痕量金属元素的分析与测定,1,2894
7,溴化阻燃剂对人体影响的研究,1,2959
8,印刷电路板的回收利用,1,2677
9,污水中的药物对环境的影响研究 ,1,2990
10,利用生活废水制取药品,1,2980
11,材料合成过程中光催化性能的研究,1,2933
12,氯化消毒副产物的污染研究,1,2842
13,好氧颗粒污泥的生物处理,1,2984
14,三氯生的危害性,1,2922
15,废水与污泥的生物化处理,1,2706
16,粪便污染的追踪及量化（包含在2950号主题中）,1,2989
17,化工行业中的风险评估,1,2861
18,废水的电化学处理,1,2912
19,利用荧光光谱检测水中有机质的方法,1,2915
20,臭氧浓度对植物的影响研究（包含于上一个主题）,1,2988
21,地下水修复,1,2942
22,溴化阻燃剂对人体健康的影响及风险评估,1,2972
23,砷浓度对土壤及植物的影响,1,2934
24,多溴联苯醚对环境污染的研究,1,2958
25,土壤中有机物的降解与吸附,1,2899
26,生物吸附的热力学与动力学研究,1,2951
27,利用电化学氧化方法处理废水的研究,1,2924
28,植物对土壤修复作用的研究,1,2952
29,溴系阻燃材料的分布及性能研究,1,2851
30,地下水中铁元素的提取,1,2954
31,土壤中有机物吸附状态的研究,1,2908
32,土壤修复的方法研究,1,2925
33,粪便污染的跟踪、测试及评价,1,2950
34,有毒重金属对生物的影响,1,2961
35,大气污染对植物的影响,1,2987
36,对受重金属污染的土壤修复方法研究,1,2896
